order_id,customer_id,product_id,store_id,order_date,quantity,order_status,payment_method
O001,C001,P001,S001,2026-10-01,1,Completed,UPI
O002,C002,P002,S003,2026-10-01,2,Completed,Credit Card
O003,C003,P003,S001,2026-10-02,3,Completed,UPI
O004,C004,P004,S004,2026-10-02,1,Completed,Debit Card
O005,C005,P005,S005,2026-10-03,2,Completed,Credit Card
O006,C006,P006,S002,2026-10-03,2,Completed,UPI
O007,C007,P007,S003,2026-10-04,5,Completed,Cash
O008,C008,P008,S006,2026-10-04,4,Completed,UPI
O009,C009,P009,S001,2026-10-05,1,Completed,Credit Card
O010,C010,P010,S007,2026-10-05,2,Completed,Debit Card
O011,C001,P003,S001,2026-10-06,2,Completed,UPI
O012,C002,P006,S003,2026-10-06,1,Completed,Credit Card
O013,C003,P008,S001,2026-10-07,3,Completed,UPI
O014,C004,P001,S004,2026-10-07,1,Completed,Credit Card
O015,C005,P004,S005,2026-10-08,2,Cancelled,UPI
O016,C006,P002,S002,2026-10-08,1,Completed,UPI
O017,C007,P005,S003,2026-10-09,1,Completed,Cash
O018,C008,P006,S006,2026-10-09,2,Completed,Credit Card
O019,C009,P007,S001,2026-10-10,4,Completed,UPI
O020,C010,P009,S007,2026-10-10,1,Completed,Debit Card